{"epoch": 0, "train_loss": 2.2777719020843508, "train_accuracy": 21.162109375, "test_accuracy": 55.45}
{"epoch": 0, "train_loss": 2.144497275352478, "train_accuracy": 31.484375, "test_accuracy": 64.25}
{"epoch": 0, "train_loss": 1.7616405010223388, "train_accuracy": 38.212890625, "test_accuracy": 69.63}
{"epoch": 0, "train_loss": 1.2376548409461976, "train_accuracy": 44.26025390625, "test_accuracy": 81.65}
{"epoch": 0, "train_loss": 0.8630870044231415, "train_accuracy": 50.12109375, "test_accuracy": 85.89}
{"epoch": 1, "train_loss": 0.5587024539709091, "train_accuracy": 82.91015625, "test_accuracy": 90.43}
{"epoch": 1, "train_loss": 0.4791690781712532, "train_accuracy": 84.1015625, "test_accuracy": 91.49}
{"epoch": 1, "train_loss": 0.40325581282377243, "train_accuracy": 85.32877604166667, "test_accuracy": 92.15}
{"epoch": 1, "train_loss": 0.37112694084644315, "train_accuracy": 86.1279296875, "test_accuracy": 92.95}
{"epoch": 1, "train_loss": 0.3361107870936394, "train_accuracy": 86.84375, "test_accuracy": 93.55}
{"epoch": 2, "train_loss": 0.30647978335618975, "train_accuracy": 90.771484375, "test_accuracy": 94.21}
{"epoch": 2, "train_loss": 0.2747853443026543, "train_accuracy": 91.3818359375, "test_accuracy": 94.7}
{"epoch": 2, "train_loss": 0.2547758921980858, "train_accuracy": 91.650390625, "test_accuracy": 95.05}
{"epoch": 2, "train_loss": 0.24900488704442977, "train_accuracy": 91.884765625, "test_accuracy": 95.07}
{"epoch": 2, "train_loss": 0.23359102308750151, "train_accuracy": 92.166015625, "test_accuracy": 95.59}
{"epoch": 3, "train_loss": 0.20963620468974115, "train_accuracy": 93.88671875, "test_accuracy": 95.7}
{"epoch": 3, "train_loss": 0.20274613946676254, "train_accuracy": 93.955078125, "test_accuracy": 95.73}
{"epoch": 3, "train_loss": 0.1891874998807907, "train_accuracy": 94.12109375, "test_accuracy": 96.1}
{"epoch": 3, "train_loss": 0.1930312432348728, "train_accuracy": 94.13330078125, "test_accuracy": 96.34}
{"epoch": 3, "train_loss": 0.17794472128152847, "train_accuracy": 94.267578125, "test_accuracy": 96.42}
{"epoch": 4, "train_loss": 0.1650807626545429, "train_accuracy": 95.21484375, "test_accuracy": 96.72}
{"epoch": 4, "train_loss": 0.164942429959774, "train_accuracy": 95.1611328125, "test_accuracy": 96.8}
{"epoch": 4, "train_loss": 0.15796627551317216, "train_accuracy": 95.31575520833333, "test_accuracy": 96.76}
{"epoch": 4, "train_loss": 0.1716896466910839, "train_accuracy": 95.2685546875, "test_accuracy": 96.9}
{"epoch": 4, "train_loss": 0.1558047194033861, "train_accuracy": 95.30859375, "test_accuracy": 96.89}
{"epoch": 5, "train_loss": 0.1377709113061428, "train_accuracy": 95.869140625, "test_accuracy": 97.07}
{"epoch": 5, "train_loss": 0.13311743922531605, "train_accuracy": 95.9619140625, "test_accuracy": 97.15}
{"epoch": 5, "train_loss": 0.14497725293040276, "train_accuracy": 95.87565104166667, "test_accuracy": 97.43}
{"epoch": 5, "train_loss": 0.13378776907920836, "train_accuracy": 95.91064453125, "test_accuracy": 97.45}
{"epoch": 5, "train_loss": 0.1371511697769165, "train_accuracy": 95.974609375, "test_accuracy": 97.4}
{"epoch": 6, "train_loss": 0.1246071107685566, "train_accuracy": 96.279296875, "test_accuracy": 97.47}
{"epoch": 6, "train_loss": 0.12180597446858883, "train_accuracy": 96.3525390625, "test_accuracy": 97.59}
{"epoch": 6, "train_loss": 0.12210761439055204, "train_accuracy": 96.357421875, "test_accuracy": 97.65}
{"epoch": 6, "train_loss": 0.11874085552990436, "train_accuracy": 96.34033203125, "test_accuracy": 97.73}
{"epoch": 6, "train_loss": 0.1337406013160944, "train_accuracy": 96.310546875, "test_accuracy": 97.85}
{"epoch": 7, "train_loss": 0.11140623316168785, "train_accuracy": 96.62109375, "test_accuracy": 97.84}
{"epoch": 7, "train_loss": 0.11874403804540634, "train_accuracy": 96.5234375, "test_accuracy": 97.76}
{"epoch": 7, "train_loss": 0.10603745207190514, "train_accuracy": 96.64388020833333, "test_accuracy": 97.84}
{"epoch": 7, "train_loss": 0.11536402404308319, "train_accuracy": 96.669921875, "test_accuracy": 97.92}
{"epoch": 7, "train_loss": 0.10948689766228199, "train_accuracy": 96.712890625, "test_accuracy": 98.07}
{"epoch": 8, "train_loss": 0.0966416608542204, "train_accuracy": 97.109375, "test_accuracy": 97.94}
{"epoch": 8, "train_loss": 0.1101484440267086, "train_accuracy": 96.9482421875, "test_accuracy": 98.1}
{"epoch": 8, "train_loss": 0.10069749280810356, "train_accuracy": 97.03450520833333, "test_accuracy": 98.11}
{"epoch": 8, "train_loss": 0.09689679555594921, "train_accuracy": 97.0849609375, "test_accuracy": 98.17}
{"epoch": 8, "train_loss": 0.10183203294873237, "train_accuracy": 97.068359375, "test_accuracy": 98.24}
{"epoch": 9, "train_loss": 0.09211314171552658, "train_accuracy": 97.255859375, "test_accuracy": 98.19}
{"epoch": 9, "train_loss": 0.09243551213294268, "train_accuracy": 97.20703125, "test_accuracy": 98.37}
{"epoch": 9, "train_loss": 0.09427146762609481, "train_accuracy": 97.2265625, "test_accuracy": 98.28}
{"epoch": 9, "train_loss": 0.09155603721737862, "train_accuracy": 97.28271484375, "test_accuracy": 98.36}
{"epoch": 9, "train_loss": 0.08620186559855939, "train_accuracy": 97.34765625, "test_accuracy": 98.3}
